year,population
1975,425902.28510579164
1980,444017.9732226621
1985,470750.8985756294
1990,490412.7463494472
1995,508224.2765996824
2000,521798.0971954223
2005,531397.3719865205
2010,534819.5705059934
2015,511959.95214792923
2020,505002.546691046
2025,451385.5023026058
